{"totalHits":500,"hits":[{"largeImageURL":"https://pixabay.com/get/ed35b9082bf2003ed1584d05fb1d4797ea72e5d11fb30c4090f5c270a2e5b6b9db_1280.jpg","webformatHeight":426,"webformatWidth":640,"likes":64,"imageWidth":7087,"id":4087361,"user_id":3764790,"views":3559,"comments":49,"pageURL":"https://pixabay.com/photos/landscape-sunset-jetty-clouds-sky-4087361/","imageHeight":4724,"webformatURL":"https://pixabay.com/get/ed35b9082bf2003ed1584d05fb1d4797ea72e5d11fb30c4090f5c270a2e5b6b9db_640.jpg","type":"photo","previewHeight":99,"tags":"landscape, sunset, jetty","downloads":2701,"user":"enriquelopezgarre","favorites":22,"imageSize":7586547,"previewWidth":150,"userImageURL":"https://cdn.pixabay.com/user/2019/01/28/18-34-24-746_250x250.jpg","previewURL":"https://cdn.pixabay.com/photo/2019/03/28/15/09/landscape-4087361_150.jpg"},{"largeImageURL":"https://pixabay.com/get/ed35b9082bf2013ed1584d05fb1d4797ea72e5d11fb30c4090f5c270a2e5b6b9db_1280.jpg","webformatHeight":426,"webformatWidth":640,"likes":46,"imageWidth":7087,"id":4087360,"user_id":3764790,"views":1798,"comments":41,"pageURL":"https://pixabay.com/photos/castle-sunset-clouds-medieval-4087360/","imageHeight":4724,"webformatURL":"https://pixabay.com/get/ed35b9082bf2013ed1584d05fb1d4797ea72e5d11fb30c4090f5c270a2e5b6b9db_640.jpg","type":"photo","previewHeight":99,"tags":"castle, sunset, clouds","downloads":1368,"user":"enriquelopezgarre","favorites":15,"imageSize":6370016,"previewWidth":150,"userImageURL":"https://cdn.pixabay.com/user/2019/01/28/18-34-24-746_250x250.jpg","previewURL":"https://cdn.pixabay.com/photo/2019/03/28/15/09/castle-4087360_150.jpg"},{"largeImageURL":"https://pixabay.com/get/ed35b90c29fd033ed1584d05fb1d4797ea72e5d11fb30c4090f5c270a2e5b6b9db_1280.jpg","webformatHeight":426,"webformatWidth":640,"likes":58,"imageWidth":6240,"id":4083192,"user_id":10327513,"views":5095,"comments":52,"pageURL":"https://pixabay.com/photos/easter-egg-easter-eggs-colorful-4083192/","imageHeight":4160,"webformatURL":"https://pixabay.com/get/ed35b90c29fd033ed1584d05fb1d4797ea72e5d11fb30c4090f5c270a2e5b6b9db_640.jpg","type":"photo","previewHeight":99,"tags":"easter, egg, easter eggs","downloads":3830,"user":"NickyPe","favorites":24,"imageSize":3856006,"previewWidth":150,"userImageURL":"https://cdn.pixabay.com/user/2018/10/17/15-03-06-50_250x250.jpg","previewURL":"https://cdn.pixabay.com/photo/2019/03/26/17/19/easter-4083192_150.jpg"},{"largeImageURL":"https://pixabay.com/get/ed35b90a29f5033ed1584d05fb1d4797ea72e5d11fb30c4090f5c270a2e5b6b9db_1280.jpg","webformatHeight":427,"webformatWidth":640,"likes":53,"imageWidth":4900,"id":4085112,"user_id":1377835,"views":3048,"comments":37,"pageURL":"https://pixabay.com/photos/glory-of-the-snow-chionodoxa-flower-4085112/","imageHeight":3271,"webformatURL":"https://pixabay.com/get/ed35b90a29f5033ed1584d05fb1d4797ea72e5d11fb30c4090f5c270a2e5b6b9db_640.jpg","type":"photo","previewHeight":100,"tags":"glory of the snow, chionodoxa, flower","downloads":2557,"user":"MabelAmber","favorites":15,"imageSize":2658681,"previewWidth":150,"userImageURL":"https://cdn.pixabay.com/user/2019/03/27/02-25-06-826_250x250.jpg","previewURL":"https://cdn.pixabay.com/photo/2019/03/27/14/16/glory-of-the-snow-4085112_150.jpg"},{"largeImageURL":"https://pixabay.com/get/ed35b60d2af5053ed1584d05fb1d4797ea72e5d11fb30c4090f5c270a2e5b6b9db_1280.jpg","webformatHeight":355,"webformatWidth":640,"likes":150,"imageWidth":3586,"id":4072214,"user_id":2364555,"views":25158,"comments":38,"pageURL":"https://pixabay.com/photos/tulips-tulipa-flowers-schnittblume-4072214/","imageHeight":1990,"webformatURL":"https://pixabay.com/get/ed35b60d2af5053ed1584d05fb1d4797ea72e5d11fb30c4090f5c270a2e5b6b9db_640.jpg","type":"photo","previewHeight":83,"tags":"tulips, tulipa, flowers","downloads":20527,"user":"pixel2013","favorites":120,"imageSize":478105,"previewWidth":150,"userImageURL":"https://cdn.pixabay.com/user/2019/01/30/19-38-32-471_250x250.jpg","previewURL":"https://cdn.pixabay.com/photo/2019/03/21/23/04/tulips-4072214_150.jpg"},{"largeImageURL":"https://pixabay.com/get/ed35b90c28f5003ed1584d05fb1d4797ea72e5d11fb30c4090f5c270a2e5b6b9db_1280.jpg","webformatHeight":426,"webformatWidth":640,"likes":69,"imageWidth":7087,"id":4083011,"user_id":3764790,"views":5085,"comments":39,"pageURL":"https://pixabay.com/photos/landscape-cliff-sea-waves-sky-4083011/","imageHeight":4724,"webformatURL":"https://pixabay.com/get/ed35b90c28f5003ed1584d05fb1d4797ea72e5d11fb30c4090f5c270a2e5b6b9db_640.jpg","type":"photo","previewHeight":99,"tags":"landscape, cliff, sea","downloads":4051,"user":"enriquelopezgarre","favorites":30,"imageSize":8139661,"previewWidth":150,"userImageURL":"https://cdn.pixabay.com/user/2019/01/28/18-34-24-746_250x250.jpg","previewURL":"https://cdn.pixabay.com/photo/2019/03/26/16/08/landscape-4083011_150.jpg"},{"largeImageURL":"https://pixabay.com/get/ed35b90a29f5063ed1584d05fb1d4797ea72e5d11fb30c4090f5c270a2e5b6b9db_1280.jpg","webformatHeight":427,"webformatWidth":640,"likes":44,"imageWidth":4900,"id":4085117,"user_id":1377835,"views":1535,"comments":38,"pageURL":"https://pixabay.com/photos/hellebore-christmas-rose-flower-4085117/","imageHeight":3271,"webformatURL":"https://pixabay.com/get/ed35b90a29f5063ed1584d05fb1d4797ea72e5d11fb30c4090f5c270a2e5b6b9db_640.jpg","type":"photo","previewHeight":100,"tags":"hellebore, christmas rose, flower","downloads":1213,"user":"MabelAmber","favorites":9,"imageSize":2986786,"previewWidth":150,"userImageURL":"https://cdn.pixabay.com/user/2019/03/27/02-25-06-826_250x250.jpg","previewURL":"https://cdn.pixabay.com/photo/2019/03/27/14/18/hellebore-4085117_150.jpg"},{"largeImageURL":"https://pixabay.com/get/ed35b90a29f5023ed1584d05fb1d4797ea72e5d11fb30c4090f5c270a2e5b6b9db_1280.jpg","webformatHeight":427,"webformatWidth":640,"likes":44,"imageWidth":3000,"id":4085113,"user_id":1377835,"views":2524,"comments":33,"pageURL":"https://pixabay.com/photos/cyclist-bicycle-people-exercise-4085113/","imageHeight":2003,"webformatURL":"https://pixabay.com/get/ed35b90a29f5023ed1584d05fb1d4797ea72e5d11fb30c4090f5c270a2e5b6b9db_640.jpg","type":"photo","previewHeight":100,"tags":"cyclist, bicycle, people","downloads":2107,"user":"MabelAmber","favorites":13,"imageSize":1275996,"previewWidth":150,"userImageURL":"https://cdn.pixabay.com/user/2019/03/27/02-25-06-826_250x250.jpg","previewURL":"https://cdn.pixabay.com/photo/2019/03/27/14/17/cyclist-4085113_150.jpg"},{"largeImageURL":"https://pixabay.com/get/ed35b60729fd003ed1584d05fb1d4797ea72e5d11fb30c4090f5c270a2e5b6b9db_1280.jpg","webformatHeight":426,"webformatWidth":640,"likes":95,"imageWidth":7087,"id":4078191,"user_id":3764790,"views":13123,"comments":64,"pageURL":"https://pixabay.com/photos/landscape-road-sky-clouds-field-4078191/","imageHeight":4724,"webformatURL":"https://pixabay.com/get/ed35b60729fd003ed1584d05fb1d4797ea72e5d11fb30c4090f5c270a2e5b6b9db_640.jpg","type":"photo","previewHeight":99,"tags":"landscape, road, sky","downloads":10344,"user":"enriquelopezgarre","favorites":37,"imageSize":7379841,"previewWidth":150,"userImageURL":"https://cdn.pixabay.com/user/2019/01/28/18-34-24-746_250x250.jpg","previewURL":"https://cdn.pixabay.com/photo/2019/03/24/17/53/landscape-4078191_150.jpg"},{"largeImageURL":"https://pixabay.com/get/ed35b90c28f5033ed1584d05fb1d4797ea72e5d11fb30c4090f5c270a2e5b6b9db_1280.jpg","webformatHeight":426,"webformatWidth":640,"likes":55,"imageWidth":7087,"id":4083012,"user_id":3764790,"views":3060,"comments":41,"pageURL":"https://pixabay.com/photos/landscape-lake-mountain-cabin-sky-4083012/","imageHeight":4724,"webformatURL":"https://pixabay.com/get/ed35b90c28f5033ed1584d05fb1d4797ea72e5d11fb30c4090f5c270a2e5b6b9db_640.jpg","type":"photo","previewHeight":99,"tags":"landscape, lake, mountain","downloads":2360,"user":"enriquelopezgarre","favorites":20,"imageSize":9577628,"previewWidth":150,"userImageURL":"https://cdn.pixabay.com/user/2019/01/28/18-34-24-746_250x250.jpg","previewURL":"https://cdn.pixabay.com/photo/2019/03/26/16/08/landscape-4083012_150.jpg"},{"largeImageURL":"https://pixabay.com/get/ed35b60921f2083ed1584d05fb1d4797ea72e5d11fb30c4090f5c270a2e5b6b9db_1280.jpg","webformatHeight":444,"webformatWidth":640,"likes":41,"imageWidth":4500,"id":4076969,"user_id":1767157,"views":522,"comments":32,"pageURL":"https://pixabay.com/photos/flamingo-white-flamingo-bird-pink-4076969/","imageHeight":3122,"webformatURL":"https://pixabay.com/get/ed35b60921f2083ed1584d05fb1d4797ea72e5d11fb30c4090f5c270a2e5b6b9db_640.jpg","type":"photo","previewHeight":104,"tags":"flamingo, white flamingo, bird","downloads":353,"user":"Capri23auto","favorites":9,"imageSize":1145957,"previewWidth":150,"userImageURL":"https://cdn.pixabay.com/user/2019/01/29/21-53-57-311_250x250.jpg","previewURL":"https://cdn.pixabay.com/photo/2019/03/24/07/14/flamingo-4076969_150.jpg"},{"largeImageURL":"https://pixabay.com/get/ed35b60628fc053ed1584d05fb1d4797ea72e5d11fb30c4090f5c270a2e5b6b9db_1280.jpg","webformatHeight":427,"webformatWidth":640,"likes":80,"imageWidth":3443,"id":4079084,"user_id":1377835,"views":9469,"comments":54,"pageURL":"https://pixabay.com/photos/heron-wading-bird-animal-flight-4079084/","imageHeight":2299,"webformatURL":"https://pixabay.com/get/ed35b60628fc053ed1584d05fb1d4797ea72e5d11fb30c4090f5c270a2e5b6b9db_640.jpg","type":"photo","previewHeight":100,"tags":"heron, wading bird, animal","downloads":7805,"user":"MabelAmber","favorites":27,"imageSize":1655010,"previewWidth":150,"userImageURL":"https://cdn.pixabay.com/user/2019/03/27/02-25-06-826_250x250.jpg","previewURL":"https://cdn.pixabay.com/photo/2019/03/25/00/11/heron-4079084_150.jpg"},{"largeImageURL":"https://pixabay.com/get/ed35b90a28fd093ed1584d05fb1d4797ea72e5d11fb30c4090f5c270a2e5b6b9db_1280.jpg","webformatHeight":425,"webformatWidth":640,"likes":38,"imageWidth":6016,"id":4085098,"user_id":1130890,"views":880,"comments":37,"pageURL":"https://pixabay.com/photos/beetle-dung-beetle-spring-beetle-4085098/","imageHeight":4000,"webformatURL":"https://pixabay.com/get/ed35b90a28fd093ed1584d05fb1d4797ea72e5d11fb30c4090f5c270a2e5b6b9db_640.jpg","type":"photo","previewHeight":99,"tags":"beetle, dung beetle, spring beetle","downloads":696,"user":"Peggychoucair","favorites":5,"imageSize":4147163,"previewWidth":150,"userImageURL":"https://cdn.pixabay.com/user/2018/12/28/22-17-08-435_250x250.jpg","previewURL":"https://cdn.pixabay.com/photo/2019/03/27/14/11/beetle-4085098_150.jpg"},{"largeImageURL":"https://pixabay.com/get/ed35b90c2ef4023ed1584d05fb1d4797ea72e5d11fb30c4090f5c270a2e5b6b9db_1280.jpg","webformatHeight":426,"webformatWidth":640,"likes":49,"imageWidth":6000,"id":4083603,"user_id":3764790,"views":2281,"comments":45,"pageURL":"https://pixabay.com/photos/landscape-marine-reef-sea-costa-4083603/","imageHeight":4000,"webformatURL":"https://pixabay.com/get/ed35b90c2ef4023ed1584d05fb1d4797ea72e5d11fb30c4090f5c270a2e5b6b9db_640.jpg","type":"photo","previewHeight":99,"tags":"landscape, marine, reef","downloads":1839,"user":"enriquelopezgarre","favorites":15,"imageSize":11212188,"previewWidth":150,"userImageURL":"https://cdn.pixabay.com/user/2019/01/28/18-34-24-746_250x250.jpg","previewURL":"https://cdn.pixabay.com/photo/2019/03/26/20/20/landscape-4083603_150.jpg"},{"largeImageURL":"https://pixabay.com/get/ed35b90a2bf3003ed1584d05fb1d4797ea72e5d11fb30c4090f5c270a2e5b6b9db_1280.jpg","webformatHeight":411,"webformatWidth":640,"likes":37,"imageWidth":3244,"id":4085371,"user_id":11197573,"views":1103,"comments":38,"pageURL":"https://pixabay.com/photos/cherry-blossom-spring-bloom-pink-4085371/","imageHeight":2086,"webformatURL":"https://pixabay.com/get/ed35b90a2bf3003ed1584d05fb1d4797ea72e5d11fb30c4090f5c270a2e5b6b9db_640.jpg","type":"photo","previewHeight":96,"tags":"cherry blossom, spring, bloom","downloads":806,"user":"Kranich17","favorites":7,"imageSize":857887,"previewWidth":150,"userImageURL":"https://cdn.pixabay.com/user/2019/03/02/18-26-17-417_250x250.jpg","previewURL":"https://cdn.pixabay.com/photo/2019/03/27/16/36/cherry-blossom-4085371_150.jpg"},{"largeImageURL":"https://pixabay.com/get/ed35b60820f0093ed1584d05fb1d4797ea72e5d11fb30c4090f5c270a2e5b6b9db_1280.jpg","webformatHeight":426,"webformatWidth":640,"likes":67,"imageWidth":6000,"id":4077848,"user_id":165106,"views":10014,"comments":44,"pageURL":"https://pixabay.com/photos/crocus-flower-meadow-white-flowers-4077848/","imageHeight":4000,"webformatURL":"https://pixabay.com/get/ed35b60820f0093ed1584d05fb1d4797ea72e5d11fb30c4090f5c270a2e5b6b9db_640.jpg","type":"photo","previewHeight":99,"tags":"crocus, flower meadow, white","downloads":7329,"user":"suju","favorites":44,"imageSize":3018676,"previewWidth":150,"userImageURL":"https://cdn.pixabay.com/user/2019/01/01/21-56-38-609_250x250.jpeg","previewURL":"https://cdn.pixabay.com/photo/2019/03/24/14/45/crocus-4077848_150.jpg"},{"largeImageURL":"https://pixabay.com/get/ed35b9072bf1023ed1584d05fb1d4797ea72e5d11fb30c4090f5c270a2e5b6b9db_1280.jpg","webformatHeight":425,"webformatWidth":640,"likes":34,"imageWidth":3000,"id":4088353,"user_id":1377835,"views":334,"comments":29,"pageURL":"https://pixabay.com/photos/stork-bird-animal-nature-mating-4088353/","imageHeight":1993,"webformatURL":"https://pixabay.com/get/ed35b9072bf1023ed1584d05fb1d4797ea72e5d11fb30c4090f5c270a2e5b6b9db_640.jpg","type":"photo","previewHeight":99,"tags":"stork, bird, animal","downloads":214,"user":"MabelAmber","favorites":10,"imageSize":1090807,"previewWidth":150,"userImageURL":"https://cdn.pixabay.com/user/2019/03/27/02-25-06-826_250x250.jpg","previewURL":"https://cdn.pixabay.com/photo/2019/03/29/00/23/stork-4088353_150.jpg"},{"largeImageURL":"https://pixabay.com/get/ed35b9072afc013ed1584d05fb1d4797ea72e5d11fb30c4090f5c270a2e5b6b9db_1280.jpg","webformatHeight":426,"webformatWidth":640,"likes":33,"imageWidth":4570,"id":4088280,"user_id":1425977,"views":292,"comments":27,"pageURL":"https://pixabay.com/photos/flower-blossom-bloom-plant-4088280/","imageHeight":3047,"webformatURL":"https://pixabay.com/get/ed35b9072afc013ed1584d05fb1d4797ea72e5d11fb30c4090f5c270a2e5b6b9db_640.jpg","type":"photo","previewHeight":99,"tags":"flower, blossom, bloom","downloads":173,"user":"Heidelbergerin","favorites":6,"imageSize":4430595,"previewWidth":150,"userImageURL":"https://cdn.pixabay.com/user/2019/01/02/15-59-05-983_250x250.jpg","previewURL":"https://cdn.pixabay.com/photo/2019/03/28/23/21/flower-4088280_150.jpg"},{"largeImageURL":"https://pixabay.com/get/ed35b60a2cf0023ed1584d05fb1d4797ea72e5d11fb30c4090f5c270a2e5b6b9db_1280.jpg","webformatHeight":640,"webformatWidth":452,"likes":100,"imageWidth":3661,"id":4075443,"user_id":2364555,"views":12442,"comments":18,"pageURL":"https://pixabay.com/photos/chair-seating-furniture-outdoor-out-4075443/","imageHeight":5184,"webformatURL":"https://pixabay.com/get/ed35b60a2cf0023ed1584d05fb1d4797ea72e5d11fb30c4090f5c270a2e5b6b9db_640.jpg","type":"photo","previewHeight":150,"tags":"chair, seating furniture, outdoor","downloads":11588,"user":"pixel2013","favorites":75,"imageSize":6305370,"previewWidth":106,"userImageURL":"https://cdn.pixabay.com/user/2019/01/30/19-38-32-471_250x250.jpg","previewURL":"https://cdn.pixabay.com/photo/2019/03/23/14/14/chair-4075443_150.jpg"},{"largeImageURL":"https://pixabay.com/get/ed35b90a21f0013ed1584d05fb1d4797ea72e5d11fb30c4090f5c270a2e5b6b9db_1280.jpg","webformatHeight":427,"webformatWidth":640,"likes":31,"imageWidth":4096,"id":4085940,"user_id":9363663,"views":508,"comments":27,"pageURL":"https://pixabay.com/photos/przylaszczki-common-jaskrowate-4085940/","imageHeight":2736,"webformatURL":"https://pixabay.com/get/ed35b90a21f0013ed1584d05fb1d4797ea72e5d11fb30c4090f5c270a2e5b6b9db_640.jpg","type":"photo","previewHeight":100,"tags":"przylaszczki, common, jaskrowate","downloads":340,"user":"Nowaja","favorites":6,"imageSize":3659334,"previewWidth":150,"userImageURL":"https://cdn.pixabay.com/user/2018/08/23/19-05-57-97_250x250.jpg","previewURL":"https://cdn.pixabay.com/photo/2019/03/27/21/35/przylaszczki-4085940_150.jpg"}],"total":776849}